{
  "train_loss": [
    2.976346877041985,
    2.804623542112463,
    2.699048075956457,
    2.6136621517293595,
    2.559218670340145,
    2.5276836900150075,
    2.4810564097236183,
    2.4608265196575836,
    2.448588447009816,
    2.4199823449639712,
    2.4095097878400016,
    2.3850437206380506,
    2.38085531206692,
    2.3635746247628155,
    2.355385684967041,
    2.3177493193570307,
    2.299087339990279,
    2.3002013760454516,
    2.2937034487724306,
    2.260858568724464
  ],
  "train_ce_loss": [
    2.9686649981667013,
    2.796598998238059,
    2.690450133996851,
    2.6045084448421703,
    2.5495149640476003,
    2.5175812735277066,
    2.4704881065032063,
    2.449860747421489,
    2.4373132642577677,
    2.408355658194598,
    2.397573513844434,
    2.3727659253513114,
    2.3683371782302856,
    2.350714996281792,
    2.3423123703283424,
    2.304461914651534,
    2.2856143278234144,
    2.28656963039847,
    2.2798705661998078,
    2.246911279594197
  ],
  "train_accuracy": [
    0.075,
    0.1380514705882353,
    0.16636029411764705,
    0.18511029411764707,
    0.19944852941176472,
    0.21084558823529412,
    0.22371323529411766,
    0.22426470588235295,
    0.23455882352941176,
    0.23823529411764705,
    0.24613970588235295,
    0.25,
    0.25073529411764706,
    0.2577205882352941,
    0.2621323529411765,
    0.28143382352941176,
    0.27849264705882354,
    0.2827205882352941,
    0.2875,
    0.2891544117647059
  ],
  "train_eval_loss": [],
  "train_eval_accuracy": [],
  "valid_loss": [
    2.8987336206436156,
    2.798756732940674,
    2.7862770414352416,
    2.7338060092926026,
    2.796198492050171,
    2.803377106189728,
    2.701919560432434,
    2.764982147216797,
    2.8431118369102477,
    2.823633828163147,
    2.673706545829773,
    2.770803873538971,
    2.6732111024856566,
    2.7060363149642943,
    2.905300121307373,
    2.691147875785828,
    2.7309797978401185,
    2.7071649503707884,
    2.6740018486976624,
    2.704943518638611
  ],
  "valid_accuracy": [
    0.101875,
    0.12875,
    0.139375,
    0.156875,
    0.1625,
    0.14875,
    0.17125,
    0.17375,
    0.1675,
    0.171875,
    0.17875,
    0.176875,
    0.17875,
    0.1825,
    0.174375,
    0.174375,
    0.18875,
    0.19125,
    0.18375,
    0.18625
  ],
  "test_loss": [
    2.684611887931824
  ],
  "test_accuracy": [
    0.19625
  ]
}